Tahun,Kabupaten_Kota,SD,Madrasah Ibtidaiyah,SMP,Madrasah Tsanawiyah,SMA,Madrasah Aliyah,SMK
2019,Sumatera Selatan,926957.0,89053.0,355000.0,83903.0,210111.0,39763.0,210111.0
2019,Ogan Komering Ulu,41095.0,3724.0,16216.0,2911.0,10855.0,1893.0,10855.0
2019,Ogan Komering Ilir,92013.0,7815.0,29488.0,8363.0,14404.0,3517.0,14404.0
2019,Muara Enim,67988.0,5997.0,27610.0,6071.0,13182.0,2675.0,13182.0
2019,Lahat,43152.0,3050.0,18077.0,3526.0,13405.0,1193.0,13405.0
2019,Musi Rawas,44475.0,2793.0,17467.0,3377.0,10899.0,1949.0,10899.0
2019,Musi Banyuasin,86892.0,6149.0,29474.0,6004.0,16339.0,2394.0,16339.0
2019,Banyuasin,100335.0,8142.0,29133.0,11341.0,16477.0,5230.0,16477.0
2019,Ogan Komering Ulu Selatan,40332.0,1763.0,13878.0,3904.0,8150.0,1599.0,8150.0
2019,Ogan Komering Ulu Timur,66772.0,11088.0,22506.0,10526.0,12116.0,4915.0,12116.0
2019,Ogan Ilir,45496.0,2876.0,15398.0,8450.0,8458.0,4331.0,8458.0
2019,Empat Lawang,27390.0,908.0,11568.0,1841.0,6849.0,240.0,6849.0
2019,Pali,26581.0,1244.0,10370.0,1159.0,6575.0,380.0,6575.0
2019,Musi Rawas Utara,23098.0,2023.0,7547.0,1823.0,5512.0,778.0,5512.0
2019,Palembang,158625.0,27164.0,77809.0,9371.0,48886.0,4997.0,48886.0
2019,Prabumulih,22311.0,838.0,9616.0,1584.0,5533.0,633.0,5533.0
2019,Pagar Alam,14277.0,1882.0,6378.0,1623.0,4438.0,806.0,4438.0
2019,Lubuk Linggau,26125.0,1597.0,12465.0,2029.0,8033.0,2233.0,8033.0
2020,Sumatera Selatan,914988.0,96049.0,360523.0,84308.0,209176.0,47469.0,125183.0
2020,Ogan Komering Ulu,40390.0,3987.0,15971.0,3193.0,10895.0,2082.0,5172.0
2020,Ogan Komering Ilir,89783.0,8319.0,30160.0,9068.0,14589.0,4351.0,9522.0
2020,Muara Enim,67638.0,6415.0,27518.0,5686.0,13311.0,3290.0,10075.0
2020,Lahat,42134.0,3979.0,18303.0,4074.0,12823.0,1720.0,5965.0
2020,Musi Rawas,43659.0,2843.0,17834.0,3228.0,11185.0,2413.0,2496.0
2020,Musi Banyuasin,85925.0,6587.0,30600.0,5228.0,16429.0,2564.0,9091.0
2020,Banyuasin,99326.0,8356.0,29809.0,9531.0,16386.0,6244.0,6561.0
2020,Ogan Komering Ulu Selatan,39306.0,1999.0,13482.0,3982.0,8338.0,1775.0,2954.0
2020,Ogan Komering Ulu Timur,65656.0,11835.0,23253.0,11209.0,11912.0,5797.0,10565.0
2020,Ogan Ilir,45157.0,3197.0,16088.0,9123.0,8353.0,5818.0,6342.0
2020,Empat Lawang,26752.0,884.0,11591.0,1737.0,7217.0,241.0,2531.0
2020,Pali,26094.0,1396.0,10862.0,1232.0,6681.0,544.0,2899.0
2020,Musi Rawas Utara,22936.0,2196.0,7678.0,1925.0,5721.0,895.0,835.0
2020,Palembang,158177.0,28968.0,78644.0,9479.0,47573.0,5550.0,36701.0
2020,Prabumulih,22295.0,1107.0,9726.0,1757.0,5471.0,853.0,5794.0
2020,Pagar Alam,14082.0,2166.0,6345.0,1577.0,4415.0,896.0,2357.0
2020,Lubuk Linggau,25678.0,1815.0,12659.0,2279.0,7877.0,2436.0,5323.0
2021,Sumatera Selatan,896170.0,96370.0,359328.0,93621.0,210175.0,47908.0,129647.0
2021,Ogan Komering Ulu,38799.0,4213.0,16166.0,3649.0,10842.0,2159.0,4992.0
2021,Ogan Komering Ilir,87668.0,8723.0,30365.0,9545.0,14310.0,4311.0,10031.0
2021,Muara Enim,67485.0,6443.0,26516.0,6198.0,13756.0,3567.0,10768.0
2021,Lahat,41563.0,4086.0,18278.0,4075.0,12524.0,1725.0,6618.0
2021,Musi Rawas,43189.0,2748.0,17151.0,3437.0,11544.0,2311.0,2625.0
2021,Musi Banyuasin,84154.0,6166.0,31446.0,6191.0,16238.0,2306.0,9210.0
2021,Banyuasin,97561.0,8287.0,30078.0,12237.0,16387.0,6353.0,7243.0
2021,Ogan Komering Ulu Selatan,38209.0,2058.0,13281.0,4057.0,8312.0,1859.0,2928.0
2021,Ogan Komering Ulu Timur,64126.0,12128.0,23691.0,12303.0,11900.0,5632.0,10826.0
2021,Ogan Ilir,44417.0,3395.0,16167.0,9547.0,8458.0,5932.0,6835.0
2021,Empat Lawang,26348.0,859.0,10702.0,1784.0,7426.0,257.0,2509.0
2021,Pali,25280.0,1230.0,10940.0,1411.0,6453.0,499.0,3058.0
2021,Musi Rawas Utara,22234.0,2227.0,7477.0,1978.0,5679.0,879.0,849.0
2021,Palembang,153835.0,28351.0,78269.0,11322.0,48292.0,5685.0,36925.0
2021,Prabumulih,22219.0,1323.0,9595.0,1843.0,5510.0,938.0,5798.0
2021,Pagar Alam,13887.0,2237.0,6374.0,1666.0,4643.0,996.0,3108.0
2021,Lubuk Linggau,25196.0,1896.0,12832.0,2378.0,7901.0,2499.0,5324.0
2022,Sumatera Selatan,882534.0,98053.0,354086.0,94428.0,212414.0,48248.0,123651.0
2022,Ogan Komering Ulu,37827.0,4481.0,16135.0,3875.0,10476.0,2164.0,4908.0
2022,Ogan Komering Ilir,85768.0,8495.0,29626.0,9472.0,14437.0,4221.0,10624.0
2022,Muara Enim,67133.0,6796.0,25739.0,6243.0,13925.0,3482.0,10261.0
2022,Lahat,40950.0,4278.0,17800.0,4259.0,12243.0,1733.0,6213.0
2022,Musi Rawas,42706.0,2960.0,16501.0,3707.0,11405.0,2307.0,2671.0
2022,Musi Banyuasin,82820.0,6260.0,31861.0,6071.0,16530.0,2267.0,9209.0
2022,Banyuasin,96606.0,8282.0,30156.0,12299.0,16908.0,6448.0,7063.0
2022,Ogan Komering Ulu Selatan,36954.0,2178.0,13002.0,4262.0,8184.0,2020.0,2934.0
2022,Ogan Komering Ulu Timur,61833.0,12448.0,24528.0,12525.0,12493.0,5712.0,10710.0
2022,Ogan Ilir,44249.0,3567.0,15644.0,9462.0,8509.0,5787.0,6594.0
2022,Empat Lawang,25177.0,865.0,10019.0,1742.0,7316.0,282.0,2373.0
2022,Pali,24464.0,1306.0,11027.0,1420.0,6518.0,480.0,3195.0
2022,Musi Rawas Utara,22087.0,2206.0,7170.0,1961.0,5638.0,796.0,830.0
2022,Palembang,152816.0,28097.0,77095.0,11022.0,49691.0,5568.0,32871.0
2022,Prabumulih,22236.0,1451.0,9076.0,1957.0,5624.0,1058.0,5689.0
2022,Pagar Alam,13765.0,2387.0,6399.0,1676.0,4672.0,956.0,2416.0
2022,Lubuk Linggau,25203.0,1996.0,12308.0,2475.0,7845.0,2607.0,5090.0
2023,Sumatera Selatan,882011.0,98393.0,356480.0,91695.0,220114.0,48105.0,125925.0
2023,Ogan Komering Ulu,37535.0,4700.0,16153.0,3811.0,10777.0,2180.0,5155.0
2023,Ogan Komering Ilir,85678.0,8444.0,29785.0,8827.0,15159.0,4129.0,11124.0
2023,Muara Enim,66878.0,6772.0,26516.0,6048.0,13993.0,3562.0,10600.0
2023,Lahat,40715.0,4328.0,17644.0,4259.0,12421.0,1706.0,6464.0
2023,Musi Rawas,42414.0,2997.0,16179.0,3757.0,11742.0,2395.0,2710.0
2023,Musi Banyuasin,83108.0,6152.0,32845.0,5820.0,17024.0,2420.0,9586.0
2023,Banyuasin,97531.0,8429.0,30394.0,11803.0,17392.0,6465.0,7219.0
2023,Ogan Komering Ulu Selatan,36694.0,2204.0,13068.0,4094.0,8253.0,1978.0,2851.0
2023,Ogan Komering Ulu Timur,60641.0,12722.0,25081.0,12502.0,13462.0,5668.0,11323.0
2023,Ogan Ilir,44452.0,3677.0,15622.0,8936.0,9031.0,5742.0,6843.0
2023,Empat Lawang,24844.0,848.0,9773.0,1757.0,7395.0,283.0,2351.0
2023,Pali,24252.0,1309.0,11042.0,1424.0,6773.0,477.0,3380.0
2023,Musi Rawas Utara,21811.0,2253.0,7290.0,2023.0,5849.0,714.0,832.0
2023,Palembang,154102.0,27663.0,77027.0,10563.0,51944.0,5643.0,32361.0
2023,Prabumulih,22212.0,1487.0,9215.0,1858.0,5833.0,1021.0,5647.0
2023,Pagar Alam,13850.0,2338.0,6575.0,1651.0,4883.0,906.0,2418.0
2023,Lubuk Linggau,25294.0,2070.0,12271.0,2562.0,8183.0,2816.0,5061.0
2024,Sumatera Selatan,884020.0,98758.0,361146.0,82142.0,226406.0,47757.0,129320.0
2024,Ogan Komering Ulu,36557.0,4911.0,16587.0,3634.0,11523.0,2402.0,5833.0
2024,Ogan Komering Ilir,84874.0,8242.0,29788.0,7744.0,15893.0,4278.0,11147.0
2024,Muara Enim,66841.0,6942.0,27947.0,5400.0,13410.0,3211.0,10599.0
2024,Lahat,41318.0,4188.0,17429.0,3732.0,12052.0,1654.0,6431.0
2024,Musi Rawas,41613.0,2984.0,17102.0,3352.0,11390.0,2455.0,2834.0
2024,Musi Banyuasin,84655.0,6051.0,32611.0,5192.0,18491.0,2571.0,10101.0
2024,Banyuasin,98272.0,8667.0,31581.0,10481.0,17940.0,6495.0,7301.0
2024,Ogan Komering Ulu Selatan,37157.0,2312.0,13207.0,3738.0,8625.0,2055.0,2762.0
2024,Ogan Komering Ulu Timur,59722.0,12888.0,25346.0,11133.0,14451.0,5543.0,12846.0
2024,Ogan Ilir,44209.0,3723.0,15797.0,7690.0,9673.0,5267.0,6999.0
2024,Empat Lawang,24722.0,830.0,9189.0,2039.0,7065.0,291.0,2162.0
2024,Pali,23936.0,1222.0,10707.0,1363.0,7284.0,421.0,3654.0
2024,Musi Rawas Utara,21520.0,2127.0,7493.0,1970.0,5797.0,648.0,732.0
2024,Palembang,156829.0,27567.0,77675.0,8675.0,53080.0,5524.0,33408.0
2024,Prabumulih,21721.0,1728.0,9871.0,1695.0,6050.0,1010.0,5373.0
2024,Pagar Alam,14186.0,2193.0,6575.0,1646.0,5218.0,996.0,2400.0
2024,Lubuk Linggau,25888.0,2183.0,12241.0,2658.0,8464.0,2936.0,4738.0
