Tahun,Kabupaten_Kota,Rata-rata Upah/Gaji Bersih Pekerja Informal berdasarkan Lapangan Pekerjaan Utama Pertanian (Rp),Rata-rata Upah/Gaji Bersih Pekerja Informal berdasarkan Lapangan Pekerjaan Utama Industri (Rp),Rata-rata Upah/Gaji Bersih Pekerja Informal berdasarkan Lapangan Pekerjaan Utama Jasa (Rp),Rata-rata Upah/Gaji Bersih Pekerja Informal berdasarkan Lapangan Pekerjaan Utama Jumlah (Rp)
2025,Ogan Komering Ulu,1596879.0,1896172.0,1977407.0,18059230.0
2025,Ogan Komering Ilir,2282190.0,1937778.0,1941016.0,21180050.0
2025,Muara Enim,2029622.0,1687236.0,1853740.0,19183570.0
2025,Lahat,2484142.0,2572833.0,1766860.0,22572400.0
2025,Musi Rawas,1919569.0,,1661565.0,18998080.0
2025,Musi Banyuasin,2087168.0,3057670.0,2284049.0,22802650.0
2025,Banyu Asin,2003642.0,2061611.0,2030084.0,20213660.0
2025,Ogan Komering Ulu Selatan,2192314.0,2286939.0,1829123.0,20968610.0
2025,Ogan Komering Ulu Timur,1813949.0,2011159.0,1879233.0,18555050.0
2025,Ogan Ilir,1729483.0,1485158.0,2008855.0,17646870.0
2025,Empat Lawang,2156156.0,2188550.0,1727795.0,20222470.0
2025,Penukal Abab Lematang Ilir,1670401.0,1966473.0,1909338.0,17644660.0
2025,Musi Rawas Utara,2542083.0,2536240.0,1985037.0,24297410.0
2025,Kota Palembang,,1935704.0,2437206.0,23804490.0
2025,Kota Prabumulih,1550978.0,1776786.0,1965679.0,18525740.0
2025,Kota Pagar Alam,2580660.0,1907249.0,,33192020.0
2025,Kota Lubuklinggau,1245339.0,1837256.0,1849259.0,17488690.0
2025,Sumatera Selatan,2055631.0,2016508.0,2137495.0,20845440.0
2025,"1 Mencakup rata-rata pendapatan bersih dari penduduk bekerja berstatus berusaha sendiri, pekerja bebas di sektor pertanian, dan nonpertanian/Includes the average net income of the self-employed working population, casual agricultural worker, and casual nonagricultural worker",,,,
2025,"2 Pertanian: Pertanian, Perkebunan, Kehutanan, Perburuan, dan Perikanan/Agriculture: Agriculture, Forestry, Hunting, and Fisherie Industri: Pertambangan dan Penggalian; Industri; Listrik, Gas, dan Air Minum; Konstruksi/Manufacture: Mining; Manufacturing Industry; Electricity, Gas, and Water; and Construction Jasa: Perdagangan, Rumah Makan, dan Jasa Akomodasi; Transportasi, Pergudangan, dan Komunikasi; Lembaga Keuangan; Real Estat, Usaha Persewaan, dan Jasa Perusahaan; Jasa Kemasyarakatan, Sosial dan Perorangan/Services: Wholesale Trade, Retail Trade, Restaurants, and",,,,
2025,"Hotels; Transportation, Warehousing, and Communication; Financing; Real Estate, Business Services, and Public Service",,,,
2020,Ogan Komering Ulu,10169130.0,14033600.0,11115630.0,11025930.0
2020,Ogan Komering Ilir,14941190.0,14710950.0,14627020.0,14834710.0
2020,Muara Enim,10630380.0,18505630.0,11403200.0,11511580.0
2020,Lahat,9313360.0,15717980.0,12858440.0,11508070.0
2020,Musi Rawas,11380860.0,13933370.0,16979390.0,13667290.0
2020,Musi Banyuasin,14141350.0,19641200.0,15467740.0,15105260.0
2020,Banyu Asin,14237860.0,18875810.0,17787790.0,15953350.0
2020,Ogan Komering Ulu Selatan,10223660.0,16587900.0,12260380.0,11144700.0
2020,Ogan Komering Ulu Timur,8736150.0,12194360.0,10078040.0,9617700.0
2020,Ogan Ilir,9865490.0,11170740.0,11837930.0,10993370.0
2020,Empat Lawang,9477750.0,10793170.0,9306380.0,9505000.0
2020,Penukal Abab Lematang Ilir,9076430.0,18667930.0,14334400.0,11623290.0
2020,Musi Rawas Utara,13218360.0,11336940.0,15379100.0,13108780.0
2020,Kota Palembang,12148110.0,19853430.0,17567120.0,17913550.0
2020,Kota Prabumulih,11591090.0,12907420.0,11895100.0,11938480.0
2020,Kota Pagar Alam,8745780.0,18882170.0,13632780.0,11767850.0
2020,Kota Lubuklinggau,8334950.0,15687380.0,13189760.0,12329120.0
2020,Sumatera Selatan,11901780.0,16029310.0,14848620.0,13720020.0
2020,"1 Pekerja Informal/ Informal Employee : Pekerja yang berstatus berusaha sendiri dan pekerja bebas di sektor pertanian dan nonpertanian/ Employment   status are self employed, casual agricultural worker, and casual non-agricultural worker",,,,
2020,"2 Pertanian: Pertanian, Perkebunan, Kehutanan, Perburuan, dan Perikanan/ Agriculture: Agriculture, Forestry, Hunting, and Fisherie",,,,
2020,"Industri: Pertambangan dan Penggalian, Industri, Listrik, Gas, dan Air Minum, Konstruksi/ Manufacture: Mining, Manufacturing Industry, Electricity, Gas,   Water, and Construction.",,,,
2020,"Jasa: Perdagangan, Rumah Makan, dan Jasa Akomodasi, Transportasi, Pergudangan dan Komunikasi, Lembaga Keuangan, Real Estate, Usaha Persewaan dan Jasa Perusahaan, Jasa Kemasyarakatan, Sosial dan Perorangan/ Services: Wholesale Trade, Retail Trade, Restaurants and Hotels,   Transportation, Warehousing, and Communication, Financing, Insurance, Real Estate, Business Services, and Public Service",,,,
2021,Ogan Komering Ulu,12434770.0,13635330.0,11074680.0,11913030.0
2021,Ogan Komering Ilir,17459980.0,14284290.0,16564130.0,16730430.0
2021,Muara Enim,14556680.0,16020890.0,12921760.0,14009500.0
2021,Lahat,10053930.0,12167060.0,11223960.0,10762120.0
2021,Musi Rawas,11754730.0,19507820.0,13469000.0,13604090.0
2021,Musi Banyuasin,15752530.0,17937020.0,14442420.0,15543510.0
2021,Banyu Asin,18230140.0,21384610.0,15342520.0,17579450.0
2021,Ogan Komering Ulu Selatan,11165930.0,18474140.0,10425720.0,11784170.0
2021,Ogan Komering Ulu Timur,9035190.0,13364300.0,10284600.0,10035540.0
2021,Ogan Ilir,9227240.0,9755300.0,12479360.0,10540320.0
2021,Empat Lawang,7416670.0,7718250.0,9348310.0,7878430.0
2021,Penukal Abab Lematang Ilir,10342830.0,,13901750.0,12425960.0
2021,Musi Rawas Utara,10838780.0,11562080.0,15804390.0,12249640.0
2021,Kota Palembang,12244040.0,17699570.0,15129870.0,15566380.0
2021,Kota Prabumulih,13031990.0,14159040.0,12525770.0,12842830.0
2021,Kota Pagar Alam,9788010.0,17431620.0,13216170.0,12218880.0
2021,Kota Lubuklinggau,10435100.0,13091610.0,13150600.0,12598740.0
2021,Sumatera Selatan,13308160.0,15570000.0,13850380.0,13851340.0
2021,"2 </sup>Pertanian: Pertanian, Perkebunan, Kehutanan, Perburuan, dan Perikanan/ <i>Agriculture: Agriculture, Forestry, Hunting, and Fisherie </i>",,,,
2021,"Industri: Pertambangan dan Penggalian, Industri, Listrik, Gas, dan Air Minum, Konstruksi/ <i>Manufacture: Mining, Manufacturing Industry, Electricity, Gas,   Water, and Construction. </i>",,,,
2021,"Jasa: Perdagangan, Rumah Makan, dan Jasa Akomodasi, Transportasi, Pergudangan dan Komunikasi, Lembaga Keuangan, Real Estate, Usaha Persewaan dan Jasa Perusahaan, Jasa Kemasyarakatan, Sosial dan Perorangan/<i> Services: Wholesale Trade, Retail Trade, Restaurants and Hotels,   Transportation, Warehousing, and Communication, Financing, Insurance, Real Estate, Business Services, and Public Service</i>",,,,
2022,Ogan Komering Ulu,14721860.0,14943420.0,18033890.0,15931900.0
2022,Ogan Komering Ilir,25546720.0,18043860.0,23496280.0,24226210.0
2022,Muara Enim,15554720.0,17681850.0,13628750.0,14942040.0
2022,Lahat,13863600.0,21499530.0,16094230.0,15132100.0
2022,Musi Rawas,17601920.0,17976950.0,19813380.0,18283490.0
2022,Musi Banyuasin,18352320.0,23588210.0,17671160.0,18604150.0
2022,Banyu Asin,21955820.0,22661020.0,23405770.0,22492310.0
2022,Ogan Komering Ulu Selatan,16811440.0,,19482290.0,17598250.0
2022,Ogan Komering Ulu Timur,13831080.0,18698530.0,16354610.0,15279320.0
2022,Ogan Ilir,13558020.0,12330340.0,16876760.0,14476740.0
2022,Empat Lawang,7344250.0,13946430.0,11484480.0,8858910.0
2022,Penukal Abab Lematang Ilir,13518780.0,,11760550.0,13506210.0
2022,Musi Rawas Utara,15660760.0,17793890.0,13622760.0,15573700.0
2022,Kota Palembang,15468350.0,28713310.0,24215560.0,24872880.0
2022,Kota Prabumulih,12077460.0,14459230.0,17941670.0,15906370.0
2022,Kota Pagar Alam,10197460.0,17135660.0,14288040.0,12702760.0
2022,Kota Lubuklinggau,13288110.0,17348780.0,20093390.0,18413620.0
2022,Sumatera Selatan,16992500.0,21036370.0,20131180.0,18791070.0
2022,"Manufacture: Mining, Manufacturing Industry, Electricity, Gas, Water, and Construction.",,,,
2022,"Jasa: Perdagangan, Rumah Makan, dan Jasa Akomodasi, Transportasi, Pergudangan dan Komunikasi, Lembaga Keuangan, Real Estate, Usaha Persewaan dan Jasa Perusahaan, Jasa Kemasyarakatan, Sosial dan Perorangan/",,,,
2022,"Services: Wholesale Trade, Retail Trade, Restaurants and Hotels,   Transportation, Warehousing, and Communication, Financing, Insurance, Real Estate, Business Services, and Public Service",,,,
2023,Ogan Komering Ulu,11646430.0,17723680.0,15484050.0,13890320.0
2023,Ogan Komering Ilir,19132300.0,27732510.0,21989100.0,21050530.0
2023,Muara Enim,14074790.0,20602470.0,14994290.0,14874700.0
2023,Lahat,14247450.0,21770250.0,15035970.0,15970630.0
2023,Musi Rawas,16639240.0,18767380.0,17185780.0,16943380.0
2023,Musi Banyuasin,24379990.0,23201370.0,24039460.0,24156780.0
2023,Banyu Asin,26419810.0,19065860.0,20057080.0,23975370.0
2023,Ogan Komering Ulu Selatan,10680010.0,13273090.0,13699760.0,11670180.0
2023,Ogan Komering Ulu Timur,12191910.0,15846930.0,14246470.0,13228830.0
2023,Ogan Ilir,13675510.0,14839290.0,20773820.0,16399460.0
2023,Empat Lawang,10693340.0,16193880.0,17473030.0,13646980.0
2023,Penukal Abab Lematang Ilir,13361280.0,17505970.0,15937560.0,14550860.0
2023,Musi Rawas Utara,18387540.0,20367730.0,22025480.0,19681650.0
2023,Kota Palembang,,24467360.0,23155360.0,23217260.0
2023,Kota Prabumulih,12809490.0,15734950.0,16748590.0,15522320.0
2023,Kota Pagar Alam,16755860.0,18684800.0,20154270.0,18657780.0
2023,Kota Lubuklinggau,12537980.0,,15456950.0,23737990.0
2023,Sumatera Selatan,16981330.0,21857400.0,19832180.0,18807830.0
2023,"1</sup> Pekerja Informal/ Informal Employee : Pekerja yang berstatus berusaha sendiri dan pekerja bebas di sektor pertanian dan nonpertanian/ Employment   status are self employed, casual agricultural worker, and casual non-agricultural worker",,,,
2023,"Industri: Pertambangan dan Penggalian, Industri, Listrik, Gas, dan Air Minum, Konstruksi/ <i>Manufacture: Mining, Manufacturing Industry, Electricity, Gas,   Water, and Construction</i>.",,,,
2023,"Jasa: Perdagangan, Rumah Makan, dan Jasa Akomodasi, Transportasi, Pergudangan dan Komunikasi, Lembaga Keuangan, Real Estate, Usaha Persewaan dan Jasa Perusahaan, Jasa Kemasyarakatan, Sosial dan Perorangan/ <i>Services: Wholesale Trade, Retail Trade, Restaurants and Hotels,   Transportation, Warehousing, and Communication, Financing, Insurance, Real Estate, Business Services, and Public Service </i>",,,,
2019,Ogan Komering Ulu,12067570.0,15922340.0,15425690.0,13930000.0
2019,Ogan Komering Ilir,14292370.0,15810230.0,14778620.0,14631240.0
2019,Muara Enim,13411640.0,17670360.0,20796570.0,16451280.0
2019,Lahat,11705030.0,15672790.0,14284440.0,13118390.0
2019,Musi Rawas,15308290.0,17369840.0,17753800.0,16295850.0
2019,Musi Banyuasin,16642500.0,19387720.0,20227700.0,18303400.0
2019,Banyu Asin,16020240.0,18911060.0,19406650.0,17706210.0
2019,Ogan Komering Ulu Selatan,13764540.0,20396150.0,16144230.0,15002990.0
2019,Ogan Komering Ulu Timur,13553500.0,17121160.0,15480820.0,14546450.0
2019,Ogan Ilir,9997830.0,15365940.0,18683010.0,15053870.0
2019,Empat Lawang,6602390.0,11664590.0,12730890.0,8741180.0
2019,Penukal Abab Lematang Ilir,10542440.0,19342800.0,14832030.0,12728930.0
2019,Musi Rawas Utara,11065490.0,15224220.0,20147710.0,13979590.0
2019,Kota Palembang,13894490.0,20886090.0,24636770.0,23920640.0
2019,Kota Prabumulih,12735650.0,13769030.0,14487540.0,13997210.0
2019,Kota Pagar Alam,11278520.0,17533220.0,16008840.0,14146590.0
2019,Kota Lubuklinggau,11947250.0,21034680.0,16301160.0,15978390.0
2019,Sumatera Selatan,13390480.0,17939720.0,19518740.0,16751660.0
